x_ethanol,Tbub,y_ethanol,Tdew
0.65,353.552,0.65,360.421
0.651251,353.541,0.651251,360.374
0.652499,353.531,0.652499,360.326
0.653743,353.52,0.653743,360.278
0.654985,353.51,0.654985,360.23
0.656223,353.499,0.656223,360.182
0.657458,353.489,0.657458,360.135
0.65869,353.478,0.65869,360.087
0.65992,353.468,0.65992,360.039
0.661146,353.458,0.661146,359.991
0.662369,353.448,0.662369,359.943
0.663588,353.437,0.663588,359.895
0.664805,353.427,0.664805,359.846
0.666019,353.417,0.666019,359.798
0.66723,353.407,0.66723,359.75
0.668438,353.397,0.668438,359.702
0.669643,353.386,0.669643,359.654
0.670845,353.376,0.670845,359.605
0.672044,353.366,0.672044,359.557
0.673239,353.356,0.673239,359.509
0.674432,353.346,0.674432,359.461
0.675623,353.336,0.675623,359.412
0.67681,353.326,0.67681,359.364
0.677994,353.316,0.677994,359.315
0.679175,353.306,0.679175,359.267
0.680354,353.296,0.680354,359.218
0.681529,353.287,0.681529,359.17
0.682702,353.277,0.682702,359.121
0.683872,353.267,0.683872,359.073
0.685039,353.257,0.685039,359.024
0.686203,353.247,0.686203,358.976
0.687364,353.238,0.687364,358.927
0.688523,353.228,0.688523,358.878
0.689679,353.218,0.689679,358.83
0.690831,353.209,0.690831,358.781
0.691982,353.199,0.691982,358.732
0.693129,353.189,0.693129,358.684
0.694273,353.18,0.694273,358.635
0.695415,353.17,0.695415,358.586
0.696554,353.16,0.696554,358.538
0.697691,353.151,0.697691,358.489
0.698824,353.141,0.698824,358.44
0.699955,353.132,0.699955,358.391
0.701083,353.122,0.701083,358.343
0.702209,353.113,0.702209,358.294
0.703332,353.104,0.703332,358.245
0.704452,353.094,0.704452,358.196
0.705569,353.085,0.705569,358.147
0.706684,353.075,0.706684,358.099
0.707796,353.066,0.707796,358.05
0.708905,353.057,0.708905,358.001
0.710012,353.048,0.710012,357.952
0.711116,353.038,0.711116,357.904
0.712218,353.029,0.712218,357.855
0.713317,353.02,0.713317,357.806
0.714414,353.011,0.714414,357.757
0.715507,353.001,0.715507,357.709
0.716599,352.992,0.716599,357.66
0.717687,352.983,0.717687,357.611
0.718773,352.974,0.718773,357.563
0.719857,352.965,0.719857,357.514
0.720938,352.956,0.720938,357.465
0.722017,352.947,0.722017,357.417
0.723093,352.938,0.723093,357.368
0.724166,352.929,0.724166,357.32
0.725237,352.92,0.725237,357.271
0.726305,352.911,0.726305,357.223
0.727371,352.902,0.727371,357.174
0.728435,352.893,0.728435,357.126
0.729496,352.884,0.729496,357.078
0.730555,352.875,0.730555,357.029
0.731611,352.866,0.731611,356.981
0.732664,352.858,0.732664,356.933
0.733716,352.849,0.733716,356.885
0.734764,352.84,0.734764,356.837
0.735811,352.831,0.735811,356.789
0.736855,352.823,0.736855,356.741
0.737896,352.814,0.737896,356.693
0.738936,352.805,0.738936,356.645
0.739972,352.796,0.739972,356.597
0.741007,352.788,0.741007,356.549
0.742039,352.779,0.742039,356.502
0.743069,352.771,0.743069,356.454
0.744096,352.762,0.744096,356.407
0.745121,352.753,0.745121,356.359
0.746144,352.745,0.746144,356.312
0.747164,352.736,0.747164,356.265
0.748182,352.728,0.748182,356.218
0.749198,352.719,0.749198,356.171
0.750211,352.711,0.750211,356.124
0.751222,352.702,0.751222,356.077
0.752231,352.694,0.752231,356.031
0.753237,352.686,0.753237,355.984
0.754242,352.677,0.754242,355.938
0.755244,352.669,0.755244,355.892
0.756243,352.661,0.756243,355.846
0.757241,352.652,0.757241,355.8
0.758236,352.644,0.758236,355.754
0.759229,352.636,0.759229,355.708
0.76022,352.628,0.76022,355.663
0.761208,352.619,0.761208,355.617
0.762195,352.611,0.762195,355.572
0.763179,352.603,0.763179,355.527
0.764161,352.595,0.764161,355.482
0.765141,352.587,0.765141,355.438
0.766118,352.579,0.766118,355.393
0.767093,352.571,0.767093,355.349
0.768067,352.563,0.768067,355.305
0.769038,352.555,0.769038,355.261
0.770007,352.547,0.770007,355.218
0.770973,352.539,0.770973,355.174
0.771938,352.531,0.771938,355.131
0.7729,352.523,0.7729,355.088
0.773861,352.515,0.773861,355.045
0.774819,352.507,0.774819,355.003
0.775775,352.499,0.775775,354.96
0.776729,352.491,0.776729,354.918
0.777681,352.483,0.777681,354.876
0.778631,352.476,0.778631,354.835
0.779579,352.468,0.779579,354.794
0.780524,352.46,0.780524,354.753
0.781468,352.452,0.781468,354.712
0.782409,352.445,0.782409,354.671
0.783349,352.437,0.783349,354.631
0.784286,352.429,0.784286,354.591
0.785222,352.422,0.785222,354.552
0.786155,352.414,0.786155,354.512
0.787086,352.407,0.787086,354.473
0.788015,352.399,0.788015,354.434
0.788943,352.392,0.788943,354.396
0.789868,352.384,0.789868,354.358
0.790791,352.377,0.790791,354.32
0.791712,352.369,0.791712,354.282
0.792632,352.362,0.792632,354.245
0.793549,352.354,0.793549,354.208
0.794464,352.347,0.794464,354.172
0.795377,352.34,0.795377,354.136
0.796289,352.332,0.796289,354.1
0.797198,352.325,0.797198,354.064
0.798106,352.318,0.798106,354.029
0.799011,352.311,0.799011,353.994
0.799915,352.303,0.799915,353.959
0.800816,352.296,0.800816,353.925
0.801716,352.289,0.801716,353.891
0.802614,352.282,0.802614,353.857
0.80351,352.275,0.80351,353.824
0.804403,352.268,0.804403,353.791
0.805296,352.261,0.805296,353.758
0.806186,352.254,0.806186,353.726
0.807074,352.247,0.807074,353.694
0.80796,352.24,0.80796,353.663
0.808845,352.233,0.808845,353.631
0.809727,352.226,0.809727,353.6
0.810608,352.219,0.810608,353.57
0.811487,352.212,0.811487,353.539
0.812364,352.205,0.812364,353.509
0.813239,352.198,0.813239,353.48
0.814112,352.191,0.814112,353.45
0.814984,352.185,0.814984,353.421
0.815854,352.178,0.815854,353.393
0.816721,352.171,0.816721,353.364
0.817587,352.164,0.817587,353.336
0.818452,352.158,0.818452,353.308
0.819314,352.151,0.819314,353.281
0.820175,352.145,0.820175,353.254
0.821033,352.138,0.821033,353.227
0.82189,352.131,0.82189,353.201
0.822746,352.125,0.822746,353.174
0.823599,352.118,0.823599,353.149
0.824451,352.112,0.824451,353.123
0.8253,352.106,0.8253,353.098
0.826149,352.099,0.826149,353.073
0.826995,352.093,0.826995,353.048
0.827839,352.086,0.827839,353.024
0.828682,352.08,0.828682,352.999
0.829523,352.074,0.829523,352.976
0.830363,352.068,0.830363,352.952
0.8312,352.061,0.8312,352.929
0.832036,352.055,0.832036,352.906
0.832871,352.049,0.832871,352.883
0.833703,352.043,0.833703,352.861
0.834534,352.037,0.834534,352.839
0.835363,352.031,0.835363,352.817
0.83619,352.025,0.83619,352.795
0.837016,352.019,0.837016,352.774
0.83784,352.013,0.83784,352.753
0.838662,352.007,0.838662,352.732
0.839483,352.001,0.839483,352.711
0.840302,351.995,0.840302,352.691
0.841119,351.989,0.841119,352.671
0.841934,351.983,0.841934,352.651
0.842748,351.977,0.842748,352.631
0.843561,351.972,0.843561,352.612
0.844371,351.966,0.844371,352.593
0.84518,351.96,0.84518,352.574
0.845988,351.954,0.845988,352.556
0.846793,351.949,0.846793,352.537
0.847597,351.943,0.847597,352.519
0.8484,351.938,0.8484,352.501
0.849201,351.932,0.849201,352.484
0.85,351.926,0.85,352.466
0.75,352.713,0.75,356.134
0.750858,352.706,0.750858,356.094
0.751715,352.698,0.751715,356.055
0.75257,352.691,0.75257,356.015
0.753424,352.684,0.753424,355.976
0.754276,352.677,0.754276,355.936
0.755126,352.67,0.755126,355.897
0.755975,352.663,0.755975,355.858
0.756822,352.656,0.756822,355.819
0.757667,352.649,0.757667,355.78
0.758511,352.642,0.758511,355.741
0.759353,352.635,0.759353,355.703
0.760194,352.628,0.760194,355.664
0.761033,352.621,0.761033,355.626
0.76187,352.614,0.76187,355.587
0.762706,352.607,0.762706,355.549
0.76354,352.6,0.76354,355.511
0.764373,352.593,0.764373,355.473
0.765204,352.586,0.765204,355.435
0.766033,352.579,0.766033,355.397
0.766861,352.573,0.766861,355.36
0.767687,352.566,0.767687,355.322
0.768512,352.559,0.768512,355.285
0.769335,352.552,0.769335,355.248
0.770157,352.545,0.770157,355.211
0.770977,352.539,0.770977,355.174
0.771796,352.532,0.771796,355.137
0.772613,352.525,0.772613,355.101
0.773428,352.518,0.773428,355.064
0.774242,352.512,0.774242,355.028
0.775055,352.505,0.775055,354.992
0.775866,352.498,0.775866,354.956
0.776675,352.492,0.776675,354.921
0.777483,352.485,0.777483,354.885
0.77829,352.478,0.77829,354.85
0.779095,352.472,0.779095,354.815
0.779898,352.465,0.779898,354.78
0.7807,352.459,0.7807,354.745
0.7815,352.452,0.7815,354.71
0.782299,352.446,0.782299,354.676
0.783097,352.439,0.783097,354.642
0.783893,352.433,0.783893,354.608
0.784687,352.426,0.784687,354.574
0.78548,352.42,0.78548,354.541
0.786272,352.413,0.786272,354.507
0.787062,352.407,0.787062,354.474
0.787851,352.4,0.787851,354.441
0.788638,352.394,0.788638,354.409
0.789424,352.388,0.789424,354.376
0.790208,352.381,0.790208,354.344
0.790991,352.375,0.790991,354.312
0.791772,352.369,0.791772,354.28
0.792552,352.362,0.792552,354.248
0.793331,352.356,0.793331,354.217
0.794108,352.35,0.794108,354.186
0.794884,352.344,0.794884,354.155
0.795658,352.337,0.795658,354.124
0.796431,352.331,0.796431,354.094
0.797202,352.325,0.797202,354.064
0.797972,352.319,0.797972,354.034
0.798741,352.313,0.798741,354.004
0.799508,352.307,0.799508,353.975
0.800274,352.3,0.800274,353.945
0.801039,352.294,0.801039,353.916
0.801802,352.288,0.801802,353.888
0.802563,352.282,0.802563,353.859
0.803324,352.276,0.803324,353.831
0.804083,352.27,0.804083,353.803
0.80484,352.264,0.80484,353.775
0.805597,352.258,0.805597,353.747
0.806351,352.252,0.806351,353.72
0.807105,352.246,0.807105,353.693
0.807857,352.24,0.807857,353.666
0.808608,352.234,0.808608,353.64
0.809357,352.229,0.809357,353.613
0.810105,352.223,0.810105,353.587
0.810852,352.217,0.810852,353.561
0.811597,352.211,0.811597,353.535
0.812342,352.205,0.812342,353.51
0.813084,352.199,0.813084,353.485
0.813826,352.194,0.813826,353.46
0.814566,352.188,0.814566,353.435
0.815305,352.182,0.815305,353.411
0.816042,352.176,0.816042,353.386
0.816778,352.171,0.816778,353.362
0.817513,352.165,0.817513,353.339
0.818246,352.159,0.818246,353.315
0.818979,352.154,0.818979,353.292
0.81971,352.148,0.81971,353.269
0.820439,352.143,0.820439,353.246
0.821167,352.137,0.821167,353.223
0.821895,352.131,0.821895,353.2
0.82262,352.126,0.82262,353.178
0.823345,352.12,0.823345,353.156
0.824068,352.115,0.824068,353.134
0.82479,352.109,0.82479,353.113
0.82551,352.104,0.82551,353.091
0.82623,352.099,0.82623,353.07
0.826948,352.093,0.826948,353.049
0.827665,352.088,0.827665,353.029
0.82838,352.082,0.82838,353.008
0.829095,352.077,0.829095,352.988
0.829808,352.072,0.829808,352.968
0.830519,352.066,0.830519,352.948
0.83123,352.061,0.83123,352.928
0.831939,352.056,0.831939,352.908
0.832647,352.051,0.832647,352.889
0.833354,352.045,0.833354,352.87
0.83406,352.04,0.83406,352.851
0.834764,352.035,0.834764,352.832
0.835467,352.03,0.835467,352.814
0.836169,352.025,0.836169,352.796
0.83687,352.02,0.83687,352.777
0.83757,352.015,0.83757,352.759
0.838268,352.009,0.838268,352.742
0.838965,352.004,0.838965,352.724
0.839661,351.999,0.839661,352.707
0.840355,351.994,0.840355,352.69
0.841049,351.989,0.841049,352.672
0.841741,351.984,0.841741,352.656
0.842432,351.98,0.842432,352.639
0.843122,351.975,0.843122,352.622
0.843811,351.97,0.843811,352.606
0.844498,351.965,0.844498,352.59
0.845185,351.96,0.845185,352.574
0.84587,351.955,0.84587,352.558
0.846554,351.95,0.846554,352.543
0.847237,351.946,0.847237,352.527
0.847918,351.941,0.847918,352.512
0.848599,351.936,0.848599,352.497
0.849278,351.931,0.849278,352.482
0.849956,351.927,0.849956,352.467
0.850633,351.922,0.850633,352.452
0.851309,351.917,0.851309,352.438
0.851983,351.913,0.851983,352.424
0.852657,351.908,0.852657,352.41
0.853329,351.904,0.853329,352.396
0.854,351.899,0.854,352.382
0.854671,351.895,0.854671,352.368
0.855339,351.89,0.855339,352.354
0.856007,351.886,0.856007,352.341
0.856674,351.881,0.856674,352.328
0.857339,351.877,0.857339,352.315
0.858004,351.872,0.858004,352.302
0.858667,351.868,0.858667,352.289
0.859329,351.864,0.859329,352.276
0.85999,351.859,0.85999,352.264
0.86065,351.855,0.86065,352.252
0.861309,351.851,0.861309,352.239
0.861967,351.846,0.861967,352.227
0.862623,351.842,0.862623,352.215
0.863279,351.838,0.863279,352.204
0.863933,351.834,0.863933,352.192
0.864587,351.83,0.864587,352.18
0.865239,351.826,0.865239,352.169
0.86589,351.821,0.86589,352.158
0.86654,351.817,0.86654,352.147
0.867189,351.813,0.867189,352.136
0.867837,351.809,0.867837,352.125
0.868483,351.805,0.868483,352.114
0.869129,351.801,0.869129,352.104
0.869774,351.797,0.869774,352.093
0.870417,351.793,0.870417,352.083
0.87106,351.789,0.87106,352.073
0.871701,351.786,0.871701,352.063
0.872341,351.782,0.872341,352.053
0.872981,351.778,0.872981,352.043
0.873619,351.774,0.873619,352.033
0.874256,351.77,0.874256,352.023
0.874892,351.767,0.874892,352.014
0.875527,351.763,0.875527,352.005
0.876161,351.759,0.876161,351.995
0.876794,351.755,0.876794,351.986
0.877426,351.752,0.877426,351.977
0.878057,351.748,0.878057,351.968
0.878686,351.744,0.878686,351.96
0.879315,351.741,0.879315,351.951
0.879943,351.737,0.879943,351.942
0.88057,351.734,0.88057,351.934
0.881195,351.73,0.881195,351.926
0.88182,351.727,0.88182,351.917
0.882444,351.723,0.882444,351.909
0.883066,351.72,0.883066,351.901
0.883688,351.717,0.883688,351.893
0.884308,351.713,0.884308,351.886
0.884928,351.71,0.884928,351.878
0.885546,351.707,0.885546,351.87
0.886164,351.703,0.886164,351.863
0.88678,351.7,0.88678,351.856
0.887396,351.697,0.887396,351.848
0.88801,351.694,0.88801,351.841
0.888624,351.691,0.888624,351.834
0.889237,351.687,0.889237,351.827
0.889848,351.684,0.889848,351.82
0.890459,351.681,0.890459,351.813
0.891068,351.678,0.891068,351.807
0.891677,351.675,0.891677,351.8
0.892284,351.672,0.892284,351.794
0.892891,351.669,0.892891,351.787
0.893496,351.666,0.893496,351.781
0.894101,351.663,0.894101,351.775
0.894705,351.66,0.894705,351.769
0.895307,351.658,0.895307,351.763
0.895909,351.655,0.895909,351.757
0.89651,351.652,0.89651,351.751
0.89711,351.649,0.89711,351.745
0.897708,351.646,0.897708,351.74
0.898306,351.644,0.898306,351.734
0.898903,351.641,0.898903,351.728
0.899499,351.638,0.899499,351.723
0.900094,351.636,0.900094,351.718
0.900688,351.633,0.900688,351.713
0.901281,351.631,0.901281,351.707
0.901873,351.628,0.901873,351.702
0.902464,351.626,0.902464,351.697
0.903055,351.623,0.903055,351.693
0.903644,351.621,0.903644,351.688
0.904232,351.618,0.904232,351.683
0.90482,351.616,0.90482,351.678
0.905406,351.614,0.905406,351.674
0.905992,351.611,0.905992,351.669
0.906576,351.609,0.906576,351.665
0.90716,351.607,0.90716,351.661
0.907743,351.605,0.907743,351.657
0.908325,351.602,0.908325,351.652
0.908905,351.6,0.908905,351.648
0.909485,351.598,0.909485,351.644
0.910065,351.596,0.910065,351.641
0.910643,351.594,0.910643,351.637
0.91122,351.592,0.91122,351.633
0.911796,351.59,0.911796,351.629
0.912372,351.588,0.912372,351.626
0.912946,351.586,0.912946,351.622
0.91352,351.584,0.91352,351.619
0.914093,351.582,0.914093,351.615
0.914664,351.58,0.914664,351.612
0.915235,351.578,0.915235,351.609
0.915805,351.577,0.915805,351.606
0.916375,351.575,0.916375,351.603
0.916943,351.573,0.916943,351.6
0.91751,351.571,0.91751,351.597
0.918077,351.57,0.918077,351.594
0.918642,351.568,0.918642,351.591
0.919207,351.567,0.919207,351.588
0.919771,351.565,0.919771,351.586
0.920334,351.564,0.920334,351.583
0.920896,351.562,0.920896,351.58
0.921457,351.561,0.921457,351.578
0.922017,351.559,0.922017,351.576
0.922577,351.558,0.922577,351.573
0.923135,351.556,0.923135,351.571
0.923693,351.555,0.923693,351.569
0.92425,351.554,0.92425,351.567
0.924806,351.553,0.924806,351.565
0.925361,351.551,0.925361,351.563
0.925915,351.55,0.925915,351.561
0.926469,351.549,0.926469,351.559
0.927021,351.548,0.927021,351.557
0.927573,351.547,0.927573,351.555
0.928124,351.546,0.928124,351.554
0.928674,351.545,0.928674,351.552
0.929223,351.544,0.929223,351.55
0.929771,351.543,0.929771,351.549
0.930319,351.542,0.930319,351.548
0.930865,351.541,0.930865,351.546
0.931411,351.54,0.931411,351.545
0.931956,351.539,0.931956,351.544
0.9325,351.538,0.9325,351.542
0.933043,351.538,0.933043,351.541
0.933586,351.537,0.933586,351.54
0.934128,351.536,0.934128,351.539
0.934668,351.536,0.934668,351.538
0.935208,351.535,0.935208,351.537
0.935747,351.534,0.935747,351.536
0.936286,351.534,0.936286,351.536
0.936823,351.533,0.936823,351.535
0.93736,351.533,0.93736,351.534
0.937896,351.533,0.937896,351.534
0.938431,351.533,0.938431,351.533
0.938965,351.532,0.938965,351.532
0.939499,351.532,0.939499,351.532
0.940031,351.531,0.940031,351.531
0.940563,351.531,0.940563,351.531
0.941094,351.531,0.941094,351.545
0.941624,351.531,0.941624,351.545
0.942154,351.531,0.942154,351.545
0.942682,351.531,0.942682,351.546
0.94321,351.531,0.94321,351.546
0.943737,351.531,0.943737,351.546
0.944263,351.531,0.944263,351.546
0.944789,351.531,0.944789,351.546
0.945313,351.531,0.945313,351.547
0.945837,351.531,0.945837,351.547
0.94636,351.531,0.94636,351.547
0.946883,351.531,0.946883,351.548
0.947404,351.531,0.947404,351.534
0.947925,351.532,0.947925,351.534
0.948445,351.532,0.948445,351.534
0.948964,351.532,0.948964,351.533
0.949482,351.532,0.949482,351.533
0.95,351.533,0.95,351.534
0,373.132,0,373.132
0.00848,372.249,0.00848,373.047
0.016873,371.419,0.016873,372.962
0.02518,370.639,0.02518,372.877
0.033402,369.904,0.033402,372.791
0.041542,369.212,0.041542,372.706
0.049599,368.559,0.049599,372.62
0.057576,367.942,0.057576,372.533
0.065473,367.359,0.065473,372.447
0.073292,366.808,0.073292,372.36
0.081033,366.286,0.081033,372.273
0.088699,365.791,0.088699,372.186
0.09629,365.322,0.09629,372.099
0.103807,364.876,0.103807,372.012
0.111251,364.453,0.111251,371.924
0.118623,364.051,0.118623,371.836
0.125925,363.668,0.125925,371.748
0.133157,363.304,0.133157,371.659
0.140321,362.957,0.140321,371.571
0.147417,362.626,0.147417,371.482
0.154446,362.311,0.154446,371.393
0.161409,362.01,0.161409,371.304
0.168307,361.722,0.168307,371.214
0.175142,361.447,0.175142,371.124
0.181913,361.185,0.181913,371.034
0.188622,360.933,0.188622,370.944
0.19527,360.692,0.19527,370.854
0.201857,360.462,0.201857,370.763
0.208385,360.241,0.208385,370.672
0.214853,360.029,0.214853,370.581
0.221264,359.826,0.221264,370.49
0.227617,359.631,0.227617,370.398
0.233914,359.444,0.233914,370.306
0.240154,359.264,0.240154,370.214
0.24634,359.091,0.24634,370.122
0.252472,358.925,0.252472,370.029
0.258549,358.765,0.258549,369.936
0.264574,358.611,0.264574,369.843
0.270547,358.463,0.270547,369.75
0.276468,358.32,0.276468,369.656
0.282338,358.183,0.282338,369.562
0.288158,358.05,0.288158,369.468
0.293928,357.922,0.293928,369.374
0.299649,357.798,0.299649,369.279
0.305322,357.679,0.305322,369.184
0.310948,357.564,0.310948,369.089
0.316526,357.452,0.316526,368.994
0.322057,357.345,0.322057,368.898
0.327543,357.24,0.327543,368.802
0.332983,357.139,0.332983,368.706
0.338378,357.042,0.338378,368.61
0.343729,356.947,0.343729,368.513
0.349036,356.855,0.349036,368.416
0.354301,356.767,0.354301,368.319
0.359522,356.68,0.359522,368.222
0.364701,356.597,0.364701,368.124
0.369839,356.516,0.369839,368.026
0.374935,356.437,0.374935,367.928
0.379991,356.36,0.379991,367.829
0.385006,356.286,0.385006,367.73
0.389982,356.213,0.389982,367.631
0.394919,356.143,0.394919,367.532
0.399817,356.074,0.399817,367.432
0.404676,356.007,0.404676,367.332
0.409498,355.942,0.409498,367.232
0.414282,355.879,0.414282,367.132
0.41903,355.817,0.41903,367.031
0.42374,355.757,0.42374,366.93
0.428415,355.698,0.428415,366.829
0.433054,355.64,0.433054,366.727
0.437657,355.584,0.437657,366.625
0.442226,355.529,0.442226,366.523
0.44676,355.476,0.44676,366.421
0.45126,355.423,0.45126,366.318
0.455726,355.372,0.455726,366.215
0.460159,355.321,0.460159,366.112
0.464558,355.272,0.464558,366.008
0.468925,355.224,0.468925,365.904
0.47326,355.177,0.47326,365.8
0.477563,355.131,0.477563,365.695
0.481835,355.085,0.481835,365.591
0.486075,355.041,0.486075,365.485
0.490284,354.997,0.490284,365.38
0.494463,354.954,0.494463,365.274
0.498612,354.912,0.498612,365.168
0.50273,354.87,0.50273,365.062
0.506819,354.829,0.506819,364.956
0.510879,354.789,0.510879,364.849
0.51491,354.75,0.51491,364.742
0.518912,354.711,0.518912,364.634
0.522886,354.673,0.522886,364.526
0.526832,354.635,0.526832,364.418
0.530751,354.598,0.530751,364.31
0.534642,354.561,0.534642,364.201
0.538505,354.525,0.538505,364.092
0.542342,354.489,0.542342,363.983
0.546152,354.454,0.546152,363.873
0.549936,354.42,0.549936,363.763
0.553694,354.385,0.553694,363.653
0.557426,354.352,0.557426,363.543
0.561133,354.318,0.561133,363.432
0.564814,354.285,0.564814,363.321
0.568471,354.253,0.568471,363.209
0.572102,354.22,0.572102,363.097
0.575709,354.188,0.575709,362.985
0.579292,354.157,0.579292,362.873
0.582851,354.126,0.582851,362.76
0.586386,354.095,0.586386,362.647
0.589898,354.064,0.589898,362.534
0.593386,354.034,0.593386,362.421
0.596852,354.004,0.596852,362.307
0.600294,353.974,0.600294,362.193
0.603714,353.945,0.603714,362.078
0.607112,353.916,0.607112,361.963
0.610487,353.887,0.610487,361.848
0.61384,353.858,0.61384,361.733
0.617172,353.83,0.617172,361.617
0.620482,353.801,0.620482,361.502
0.623771,353.773,0.623771,361.385
0.627039,353.746,0.627039,361.269
0.630286,353.718,0.630286,361.152
0.633512,353.691,0.633512,361.035
0.636718,353.664,0.636718,360.918
0.639903,353.637,0.639903,360.8
0.643068,353.61,0.643068,360.683
0.646213,353.584,0.646213,360.565
0.649339,353.557,0.649339,360.446
0.652445,353.531,0.652445,360.328
0.655531,353.505,0.655531,360.209
0.658599,353.479,0.658599,360.09
0.661647,353.454,0.661647,359.971
0.664677,353.428,0.664677,359.852
0.667688,353.403,0.667688,359.732
0.67068,353.378,0.67068,359.612
0.673654,353.353,0.673654,359.492
0.67661,353.328,0.67661,359.372
0.679548,353.303,0.679548,359.252
0.682468,353.279,0.682468,359.131
0.685371,353.254,0.685371,359.01
0.688256,353.23,0.688256,358.89
0.691123,353.206,0.691123,358.769
0.693974,353.182,0.693974,358.648
0.696807,353.158,0.696807,358.527
0.699624,353.135,0.699624,358.406
0.702423,353.111,0.702423,358.285
0.705207,353.088,0.705207,358.163
0.707973,353.065,0.707973,358.042
0.710724,353.042,0.710724,357.921
0.713458,353.019,0.713458,357.8
0.716177,352.996,0.716177,357.679
0.718879,352.973,0.718879,357.558
0.721566,352.951,0.721566,357.437
0.724237,352.928,0.724237,357.317
0.726893,352.906,0.726893,357.196
0.729533,352.884,0.729533,357.076
0.732158,352.862,0.732158,356.956
0.734768,352.84,0.734768,356.836
0.737363,352.818,0.737363,356.717
0.739944,352.797,0.739944,356.598
0.742509,352.775,0.742509,356.48
0.745061,352.754,0.745061,356.362
0.747597,352.733,0.747597,356.245
0.75012,352.712,0.75012,356.128
0.752628,352.691,0.752628,356.013
0.755122,352.67,0.755122,355.897
0.757602,352.649,0.757602,355.783
0.760069,352.629,0.760069,355.67
0.762521,352.609,0.762521,355.557
0.76496,352.588,0.76496,355.446
0.767386,352.568,0.767386,355.336
0.769798,352.548,0.769798,355.227
0.772197,352.529,0.772197,355.119
0.774583,352.509,0.774583,355.013
0.776956,352.489,0.776956,354.908
0.779315,352.47,0.779315,354.805
0.781662,352.451,0.781662,354.703
0.783997,352.432,0.783997,354.603
0.786318,352.413,0.786318,354.505
0.788627,352.394,0.788627,354.409
0.790924,352.376,0.790924,354.315
0.793208,352.357,0.793208,354.222
0.79548,352.339,0.79548,354.131
0.79774,352.321,0.79774,354.043
0.799988,352.303,0.799988,353.956
0.802224,352.285,0.802224,353.872
0.804448,352.267,0.804448,353.789
0.806661,352.25,0.806661,353.709
0.808861,352.232,0.808861,353.631
0.811051,352.215,0.811051,353.554
0.813228,352.198,0.813228,353.48
0.815395,352.181,0.815395,353.408
0.81755,352.165,0.81755,353.337
0.819693,352.148,0.819693,353.269
0.821826,352.132,0.821826,353.203
0.823948,352.116,0.823948,353.138
0.826059,352.1,0.826059,353.075
0.828158,352.084,0.828158,353.014
0.830248,352.068,0.830248,352.955
0.832326,352.053,0.832326,352.898
0.834394,352.038,0.834394,352.842
0.836451,352.023,0.836451,352.788
0.838498,352.008,0.838498,352.736
0.840534,351.993,0.840534,352.685
0.84256,351.979,0.84256,352.636
0.844576,351.964,0.844576,352.588
0.846582,351.95,0.846582,352.542
0.848578,351.936,0.848578,352.497
0.850563,351.923,0.850563,352.454
0.852539,351.909,0.852539,352.412
0.854505,351.896,0.854505,352.371
0.856461,351.883,0.856461,352.332
0.858408,351.87,0.858408,352.294
0.860345,351.857,0.860345,352.257
0.862272,351.845,0.862272,352.222
0.86419,351.832,0.86419,352.187
0.866099,351.82,0.866099,352.154
0.867998,351.808,0.867998,352.122
0.869888,351.797,0.869888,352.091
0.871768,351.785,0.871768,352.061
0.87364,351.774,0.87364,352.033
0.875502,351.763,0.875502,352.005
0.877356,351.752,0.877356,351.978
0.8792,351.742,0.8792,351.952
0.881036,351.731,0.881036,351.928
0.882862,351.721,0.882862,351.904
0.884681,351.711,0.884681,351.881
0.88649,351.702,0.88649,351.859
0.888291,351.692,0.888291,351.838
0.890083,351.683,0.890083,351.818
0.891867,351.674,0.891867,351.798
0.893642,351.666,0.893642,351.78
0.895409,351.657,0.895409,351.762
0.897167,351.649,0.897167,351.745
0.898917,351.641,0.898917,351.728
0.90066,351.633,0.90066,351.713
0.902393,351.626,0.902393,351.698
0.904119,351.619,0.904119,351.684
0.905837,351.612,0.905837,351.671
0.907547,351.605,0.907547,351.658
0.909249,351.599,0.909249,351.646
0.910943,351.593,0.910943,351.635
0.912629,351.587,0.912629,351.624
0.914308,351.581,0.914308,351.614
0.915978,351.576,0.915978,351.605
0.917641,351.571,0.917641,351.596
0.919297,351.566,0.919297,351.588
0.920945,351.562,0.920945,351.58
0.922585,351.558,0.922585,351.573
0.924218,351.554,0.924218,351.567
0.925844,351.55,0.925844,351.561
0.927462,351.547,0.927462,351.556
0.929073,351.544,0.929073,351.551
0.930677,351.541,0.930677,351.547
0.932274,351.539,0.932274,351.543
0.933863,351.537,0.933863,351.54
0.935445,351.535,0.935445,351.537
0.93702,351.533,0.93702,351.535
0.938589,351.533,0.938589,351.533
0.94015,351.531,0.94015,351.531
0.941704,351.531,0.941704,351.545
0.943252,351.531,0.943252,351.546
0.944793,351.531,0.944793,351.546
0.946326,351.531,0.946326,351.547
0.947854,351.532,0.947854,351.534
0.949374,351.533,0.949374,351.533
0.950888,351.534,0.950888,351.535
0.952395,351.535,0.952395,351.537
0.953896,351.537,0.953896,351.539
0.95539,351.539,0.95539,351.542
0.956878,351.542,0.956878,351.546
0.958359,351.545,0.958359,351.549
0.959834,351.548,0.959834,351.553
0.961302,351.552,0.961302,351.558
0.962764,351.556,0.962764,351.562
0.96422,351.56,0.96422,351.568
0.96567,351.565,0.96567,351.573
0.967114,351.57,0.967114,351.579
0.968551,351.576,0.968551,351.585
0.969982,351.581,0.969982,351.591
0.971407,351.588,0.971407,351.598
0.972827,351.594,0.972827,351.605
0.97424,351.601,0.97424,351.613
0.975647,351.608,0.975647,351.62
0.977048,351.616,0.977048,351.628
0.978444,351.624,0.978444,351.637
0.979833,351.632,0.979833,351.645
0.981217,351.641,0.981217,351.654
0.982595,351.65,0.982595,351.663
0.983967,351.66,0.983967,351.673
0.985334,351.67,0.985334,351.682
0.986695,351.68,0.986695,351.692
0.98805,351.691,0.98805,351.702
0.9894,351.702,0.9894,351.713
0.990744,351.713,0.990744,351.724
0.992082,351.725,0.992082,351.735
0.993416,351.738,0.993416,351.746
0.994743,351.75,0.994743,351.757
0.996065,351.763,0.996065,351.769
0.997382,351.777,0.997382,351.781
0.998694,351.791,0.998694,351.793
1,351.806,1,351.806